,keyword,freq
0,museum,3489
1,inc,598427
2,society,50835
3,foundation,204714
4,historical,8444
5,museum inc,740
6,historical society,6642
7,center,58076
8,association,160632
9,heritage,3824
10,art,59760
11,county,50186
12,history,1156
13,foundation inc,63608
14,society inc,7904
15,friend,24900
16,hall,5043
17,fame,784
18,hall fame,707
19,american,50744
20,childrens,5485
21,garden,6178
22,preservation,3534
23,national,110971
24,childrens museum,140
25,area,12030
26,veteran,17095
27,house,16989
28,railroad,726
29,memorial,15120
30,center inc,17363
31,county historical,1557
32,historic,10119
33,historical museum,177
34,association inc,32878
35,museum foundation,264
36,heritage museum,97
37,war,23798
38,community,58038
39,valley,15598
40,club,80432
41,new,40513
42,african,1934
43,military,2088
44,museum association,189
45,cultural,5683
46,park,12302
47,fame inc,303
48,civil,2259
49,school,40434
50,inc friend,10
51,sport,10120
52,science,3583
53,area historical,448
54,history museum,54
55,civil war,542
56,aviation,658
57,incorporated,19506
58,international,78804
59,corporation,24813
60,african american,537
61,city,14424
62,inc museum,2
63,farm,8783
64,heritage foundation,689
65,union,15498
66,texas,15273
67,air,12760
68,library,10225
69,fire,21187
70,north,26477
71,education,32875
72,st,486441
73,project,13941
74,west,22923
75,daughter,7235
76,river,9760
77,sport hall,132
78,institute,13808
79,daughter union,100
80,veteran civil,400
81,union veteran,400
82,state,39015
83,lake,12652
84,railroad museum,53
85,archive,266
86,antique,372
87,museum art,181
88,model,702
89,county museum,124
90,collector,308
91,gallery,376
92,cultural center,793
93,preservation society,628
94,maritime,260
95,art inc,2897
96,house museum,37
97,world,8221
98,southern,5052
99,inc national,17
100,heritage center,169
101,corp,57975
102,art museum,144
103,island,4532
104,historical association,394
105,america,77299
106,discovery,572
107,botanical,154
108,south,21315
109,american museum,36
110,old,10572
111,california,13622
112,culture,2211
113,music,7935
114,memorial museum,30
115,society museum,63
116,depot,171
117,family,36914
118,trust,21466
119,art foundation,1727
120,central,8851
121,black,4566
122,de,222241
123,heritage society,297
124,committee,4402
125,fund,32644
126,san,21022
127,military museum,24
128,garden inc,468
129,botanical garden,87
130,history inc,107
131,history center,43
132,ltd,3770
133,hill,11998
134,research,6290
135,aviation museum,20
136,group,10099
137,chapter,17557
138,council,18028
139,coast,3890
140,railway,388
141,arboretum,105
142,model railroad,206
143,fort,3936
144,veteran museum,6
145,virginia,6809
146,restoration,2499
147,collection,131
148,learning,4524
149,museum cultural,27
150,technology,2066
151,science center,118
152,museum american,25
153,national association,17208
154,mill,3560
155,club inc,22779
156,greater,8579
157,inc american,14
158,creek,5022
159,museum friend,4
160,space,2506
161,collector inc,26
162,conservancy,1210
163,clock,60
164,john,8201
165,western,3750
166,art center,1047
167,natural,825
168,firefighter,2248
169,clock collector,13
170,town,11206
171,york,8518
172,contemporary,323
173,carolina,6607
174,museum society,61
175,association watch,16
176,station,729
177,watch clock,17
178,vintage,196
179,northwest,3222
180,car,37318
181,wildlife,1737
182,village,4290
183,beach,3534
184,pioneer,935
185,trail,2434
186,veteran memorial,518
187,watch,732
188,east,17449
189,educational,8146
190,artist,1543
191,alliance,13364
192,la,175059
193,air museum,31
194,spring,6222
195,legacy,2480
196,force,2884
197,preservation foundation,307
198,street,4165
199,northern,3327
