Keyword,Include
fame friend,2
hall fame,1
historical society,1
infantry regiment,2
ancient,2
antique,2
aquarium,1
arboretum,1
archeological,2
archive,1
armory,2
art center,2
artifact,2
artillery,2
assemblages,2
atheneum,1
aviary,1
battlefield,2
bird sanctuary,1
birdhouse,2
botanical park,1
botanical ,2
botanical garden,1
cavern,2
classic,2
classical,2
coliseum,2
collectible,2
collection,2
collector,1
conservancy,2
conservatory,2
consortium,2
cultural,2
cultural center,2
culture,2
display,2
exhibit,2
exhibition,2
exposition,2
forestry,2
foundation,2
art gallery,1
gallery,2
game park,1
game refuge,1
garden,2
genelogical,2
hall,2
hall of fame,1
herbarium,1
heritage,2
historic,2
historical,2
history,2
learning center,2
legacy,2
library,1
lighthouse,2
marine center,2
marine exhibit,2
memorabilia,1
memorial,2
menagerie,1
museo,2
museum,1
national park,1
nature center,1
nature park,1
nature preserve,1
nature reserve,1
nursery,2
observatory,2
park,2
philatelic,1
pioneer village,2
planetarium,1
preservation,2
relic,2
remembrance,2
repository,2
reserve,2
safari,2
salon,2
society,2
studio,2
symposium,2
terrarium,1
theatre,2
treasury,2
vault ,2
vintage,2
vivarium,1
volary,1
wild animal park,1
wildlife park,1
wildlife sanctuary,1
zoo,1
zoological,2
zoological park,1
collect,2
conserva,2
exhibit,2
historic,2
historical societ,1
